Match (forum:FORUM)-[:HASTAG]->(post:TAG),
	  (forum:FORUM)-[:HASMODERATOR]->(person1:PERSON),
	  (forum:FORUM)-[:HASMODERATOR]->(person2:PERSON),
      (person1:PERSON)-[:KNOWS]->(person2:PERSON),
	  (person1:PERSON)-[:HASINTEREST]->(post:TAG),
	  (person2:PERSON)-[:HASINTEREST]->(post:TAG)
Return count(person1);

start_v_id,start_v_label,end_v_id,end_v_label,edge_id,edge_label
0,4,1,7,0,1
0,4,2,1,1,7
0,4,3,1,2,7
2,1,3,1,3,12
2,1,1,7,4,10
3,1,1,7,5,10

0 1
0 2
0 3
2 3
2 1
3 1

4 7
4 1
4 1
1 1
1 7
1 7